longitude,latitude,organization_name,city,state,year,project_description,award_amount,grant_iteration,extra,date,the_geom,cartodb_id,created_at,updated_at,cartodb_georef_status,column_1449770279916
,,Capital Regional Development Council,Concord,NH,2014,Claremont Hot Water District Energy System,250000,Wood-to-Energy,,2014-01-01 00:00:00+00,0101000020E6100000E353008C67E251C0A67EDE54A49A4540,123,2015-04-17 23:53:25.482888+00,2015-12-10 19:57:24.212936+00,true,
,,New Generation Biomass,Alamogordo,NM,2013,New Generation Biomass,250000,FS WBU Grant,http://www.newgenerationbiomass.com/,2013-01-01 00:00:00+00,0101000020E61000000CEA5BE6747D5AC0ACE28DCC23734040,116,2015-04-17 23:53:25.482888+00,2015-12-10 19:57:24.212936+00,true,
,,Ketchikan Gateway Borough,Ketchikan,AK,2013,Ketchikan Gateway Borough,143363,FS WBU Grant,http://www.borough.ketchikan.ak.us/,2013-01-01 00:00:00+00,0101000020E6100000CBF3E0EEAC7460C0C0046EDDCDAB4B40,111,2015-04-17 23:53:25.482888+00,2015-12-10 19:57:24.212936+00,true,
,,,,,,,,,,2016-01-01 12:06:39+00,,175,2015-04-20 19:06:34.197645+00,2015-12-10 19:57:24.212936+00,true,
,,Chilkoot Indian Association,Haines,AK,2013,Chilkoot Indian Association,35000,FS WBU Grant,http://www.chilkoot-nsn.gov/,2013-01-01 00:00:00+00,0101000020E610000048BF7D1D38EE60C05166834C329E4D40,110,2015-04-17 23:53:25.482888+00,2015-12-10 19:57:24.212936+00,true,
-78.642669,35.78551,Dept of Forestry NC State University,Raleigh,NC,2007,,247802,FS WBU Grant,,2007-01-01 00:00:00+00,0101000020E6100000CB49287D21A953C02A5778978BE44140,4,2015-04-17 23:53:25.482888+00,2015-12-10 19:57:24.212936+00,true,
-89.138959,30.85911,Intrinergy LLC,Wiggins,MS,2007,,250000,FS WBU Grant,,2007-01-01 00:00:00+00,0101000020E6100000081F4AB4E44856C0A4AA09A2EEDB3E40,8,2015-04-17 23:53:25.482888+00,2015-12-10 19:57:24.212936+00,true,
-78.811024,41.65996,Kane Area School District,Kane,PA,2007,,250000,FS WBU Grant,,2007-01-01 00:00:00+00,0101000020E61000005A1135D1E7B353C08655BC9179D44440,11,2015-04-17 23:53:25.482888+00,2015-12-10 19:57:24.212936+00,true,
-88.000304,45.232945,Olson Brothers Enterprises,Crivitz,WI,2009,Chipper,250000,FS WBU Grant,,2009-01-01 00:00:00+00,0101000020E6100000B68311FB040056C024624A24D19D4640,60,2015-04-17 23:53:25.482888+00,2015-12-10 19:57:24.212936+00,true,
-84.500319,38.48595,"EcoPower Generation, LLC",Lexington,KY,2011,Engineering study grant,250000,FS WBU Grant,,2011-01-01 00:00:00+00,0101000020E610000051A4FB39052055C0E0BE0E9C333E4340,81,2015-04-17 23:53:25.482888+00,2015-12-10 19:57:24.212936+00,true,
-74.858869,43.4045,Burrows Paper Corporation,Little Falls,NY,2011,Engineering study grant,250000,FS WBU Grant,,2011-01-01 00:00:00+00,0101000020E610000016A3AEB5F7B652C0B29DEFA7C6B34540,85,2015-04-17 23:53:25.482888+00,2015-12-10 19:57:24.212936+00,true,
-73.764154,41.3354,New York Power Authority,White Plains,NY,2011,Engineering study grant,250000,FS WBU Grant,,2011-01-01 00:00:00+00,0101000020E6100000E3C62DE6E77052C0098A1F63EEAA4440,86,2015-04-17 23:53:25.482888+00,2015-12-10 19:57:24.212936+00,true,
-104.600319,44.68252,Bearlodge Forest Products Inc,Hulett,WY,2007,,250000,FS WBU Grant,,2007-01-01 00:00:00+00,0101000020E6100000B70A62A06B265AC0D66EBBD05C574640,3,2015-04-17 23:53:25.482888+00,2015-12-10 19:57:24.212936+00,true,
-105.967474,36.647095,Kuykendall and Sons,Tres Piedras,NM,2007,,250000,FS WBU Grant,,2007-01-01 00:00:00+00,0101000020E6100000BD6E1118EB7D5AC0DB334B02D4524240,12,2015-04-17 23:53:25.482888+00,2015-12-10 19:57:24.212936+00,true,
-105.786067,33.156414,Mescalero Forest Products,Mescalero,NM,2007,,250000,FS WBU Grant,,2007-01-01 00:00:00+00,0101000020E6100000C05DF6EB4E725AC07A51BB5F05944040,14,2015-04-17 23:53:25.482888+00,2015-12-10 19:57:24.212936+00,true,
-106.141125,38.08876,Mountain Valley Lumber,Saguache,CO,2007,,179260,FS WBU Grant,,2007-01-01 00:00:00+00,0101000020E610000079E9263108895AC0B398D87C5C0B4340,15,2015-04-17 23:53:25.482888+00,2015-12-10 19:57:24.212936+00,true,
-107.891004,35.171313,Mt Taylor Millwork Inc,Milan,NM,2007,,250000,FS WBU Grant,,2007-01-01 00:00:00+00,0101000020E6100000BB26A43506F95AC098309A95ED954140,18,2015-04-17 23:53:25.482888+00,2015-12-10 19:57:24.212936+00,true,
,,Bulk Biomass Fuel Distribution for Bio- mass Thermal Market Expansion in the Northwestern U.S.,Klamath Falls, OR,2015,"Ed Staub & Sons, Inc",,Wood Innovations Grant,,2015-01-01 00:00:00+00,0101000020E6100000EB909BE106725EC0FFEC478AC81C4540,155,2015-04-17 23:53:25.482888+00,2015-12-10 19:57:24.212936+00,true,
,,"Planning, Design, and Specification of a New Cross-Laminated Timber Plant",Whitefish, MT,2015,SmartLam LLC,,Wood Innovations Grant,,2015-01-01 00:00:00+00,0101000020E61000008109DCBA9B955CC01405FA449E344840,149,2015-04-17 23:53:25.482888+00,2015-12-10 19:57:24.212936+00,true,
,,NV Pinyon-Juniper Partnership and Con- tinued Development of Biomass Product Markets,Ely, NV,2015,Eastern Nevada Landscape Coalition,,Wood Innovations Grant,,2015-01-01 00:00:00+00,0101000020E6100000A60F5D50DFB85CC072DC291DAC9F4340,152,2015-04-17 23:53:25.482888+00,2015-12-10 19:57:24.212936+00,true,
,,Stoltze Land and Lumber Company,Columbia Falls,MT,2013,Stoltze Land and Lumber Company,210988,FS WBU Grant,http://www.stoltzelumber.com/,2013-01-01 00:00:00+00,0101000020E61000007AE40F069E8B5CC0B988EFC4AC2F4840,115,2015-04-17 23:53:25.482888+00,2015-12-10 19:57:24.212936+00,true,
,,Appalachian and Foothills Wood Energy Markets,Raleigh, NC,2015,North Carolina State University,,Wood Innovations Grant,,2015-01-01 00:00:00+00,0101000020E610000082397AFCDEA853C0ED9E3C2CD4E24140,150,2015-04-17 23:53:25.482888+00,2015-12-10 19:57:24.212936+00,true,
-106.951711,39.64693,Eagle Valley Clean Energy,Gypsum,CO,2012,CHP project where electricity is sold to Holy Cross Energy,250000,FS WBU Grant,,2012-01-01 00:00:00+00,0101000020E6100000950F41D5E8BC5AC090662C9ACED24340,97,2015-04-17 23:53:25.482888+00,2015-12-10 19:57:24.212936+00,true,
-96.830844,39.298885,Riley CO Schools KS,Riley,KS,2012,wood pellet system for HS and grade school,90000,FS WBU Grant,,2012-01-01 00:00:00+00,0101000020E6100000FB04508C2C3558C0EA211ADD41A64340,98,2015-04-17 23:53:25.482888+00,2015-12-10 19:57:24.212936+00,true,
-111.673536,40.05301,Sanpete Valley Clean Energy,Salem,UT,2012,18 MW CHP,250000,FS WBU Grant,,2012-01-01 00:00:00+00,0101000020E61000006F2BBD361BEB5BC0342E1C08C9064440,99,2015-04-17 23:53:25.482888+00,2015-12-10 19:57:24.212936+00,true,
-123.430741,48.118146,Port Angeles Hardwood WA,Port Angeles,WA,2012,"Nippon Pager Industries 2.5 MW CHP unit at hardwood sawmill, Replacement boiler for Nippon paper to produce CHP 20MW power and steam",250000,FS WBU Grant,,2012-01-01 00:00:00+00,0101000020E6100000F702B34291DB5EC09D137B681F0F4840,100,2015-04-17 23:53:25.482888+00,2015-12-10 19:57:24.212936+00,true,
-122.709477,42.194576,Southern Oregon University,Ashland,OR,2012,replace natural gas boilers with small CHP system.,250000,FS WBU Grant,,2012-01-01 00:00:00+00,0101000020E6100000E910381268AD5EC0124BCADDE7184540,101,2015-04-17 23:53:25.482888+00,2015-12-10 19:57:24.212936+00,true,
-124.22428,43.406501,Coquille Indian Tribe,North Bend,OR,2012,"1.3 MW CHP facility electricity for casino and hotel Bend, OR.",145000,FS WBU Grant,,2012-01-01 00:00:00+00,0101000020E61000006649809A5A0E5FC049658A3908B44540,102,2015-04-17 23:53:25.482888+00,2015-12-10 19:57:24.212936+00,true,
,,Minnesota State Wood Innovation Team,Minneapolis, MN,2015,University of Minnesota Duluth,,Wood Innovations Grant,,2015-01-01 00:00:00+00,,145,2015-04-17 23:53:25.482888+00,2015-12-10 20:02:25.569734+00,,
,,Qualco Energy,Monroe,WA,2014,Qualco Energy - Woody Biomass to Combined Heat and Power,120000,Wood-to-Energy,,2014-01-01 00:00:00+00,0101000020E6100000596E6935247E5EC084D382177DED4740,127,2015-04-17 23:53:25.482888+00,2015-12-10 19:57:24.253766+00,true,
-78.561387,41.427935,Elk Regional Health System,St Marys,PA,2007,,250000,FS WBU Grant,,2007-01-01 00:00:00+00,0101000020E61000009259BDC3EDA353C029E8F692C6B64440,5,2015-04-17 23:53:25.482888+00,2015-12-10 19:57:24.253766+00,false,
-104.812914,40.07961,"Renewable Fiber, Inc.",Ft. Lupton,CO,2008,,250000,FS WBU Grant,,2008-01-01 00:00:00+00,0101000020E61000007A1D71C806345AC0A03715A9300A4440,39,2015-04-17 23:53:25.482888+00,2015-12-10 19:57:24.253766+00,false,
-122.675629,45.511795,Sustainable Northwest,Portland,OR,2007,,249560,FS WBU Grant,,2007-01-01 00:00:00+00,0101000020E6100000ABCE6A813DAB5EC0CFA0A17F82C14640,26,2015-04-17 23:53:25.482888+00,2015-12-10 19:57:24.212936+00,true,
,,Wisewood Inc.,Grant County,OR,2013,Wisewood Inc.,250000,FS WBU Grant,http://wisewood.us/,2013-01-01 00:00:00+00,,117,2015-04-17 23:53:25.482888+00,2015-12-10 20:00:12.348976+00,false,
,,"Wind River Biomass Utility, LLC",Stevenson,WA,2014,Wind River Biomass Combined Heat and Power Utility,100000,Wood-to-Energy,,2014-01-01 00:00:00+00,0101000020E61000001B2AC6F99B785EC07767EDB60BD94640,128,2015-04-17 23:53:25.482888+00,2015-12-10 19:57:24.212936+00,true,
-74.720689,40.072789,F.H. Stoltze Land & Lumber Co.,Columbus Falls,MT,2012,"2.5MW CHP system, Woody Biomass Combined Heat and Power Project Phase II",250000,FS WBU Grant,,2012-01-01 00:00:00+00,0101000020E61000009065C1C41FAE52C01841632651094440,94,2015-04-17 23:53:25.482888+00,2015-12-10 19:57:24.253766+00,false,
,,"Wagner Construction, Inc.         ",International Falls,MN,2014,Industrial Wood Pellet Mill                     ,250000,Wood-to-Energy,,2014-01-01 00:00:00+00,0101000020E6100000D8D30E7F4D5A57C062A1D634EF4C4840,122,2015-04-17 23:53:25.482888+00,2015-12-10 19:57:24.212936+00,true,
-116.692589,43.66744,Diamond Ridge Lumber,Caldwell,ID,2008,,168200,FS WBU Grant,,2008-01-01 00:00:00+00,0101000020E61000007024D060532C5DC0680586AC6ED54540,30,2015-04-17 23:53:25.482888+00,2015-12-10 19:57:24.212936+00,true,
-108.757984,33.7126,"K & B Timberworks, Inc",Reserve,NM,2008,,250000,FS WBU Grant,,2008-01-01 00:00:00+00,0101000020E61000000AB952CF82305BC097900F7A36DB4040,31,2015-04-17 23:53:25.482888+00,2015-12-10 19:57:24.212936+00,true,
,,Chadron District Energy Project,Lincoln, NE,2015,University of Nebraska,,Wood Innovations Grant,,2015-01-01 00:00:00+00,0101000020E61000005FEFFE78AF2A58C06666666666664440,151,2015-04-17 23:53:25.482888+00,2015-12-10 19:57:24.212936+00,true,
,,Oregon Forest Products Marketing Pro- gram,Portland, OR,2015,Oregon Forest Resources Institute,,Wood Innovations Grant,,2015-01-01 00:00:00+00,0101000020E61000009ACE4E0647AB5EC0AC8BDB6800C34640,156,2015-04-17 23:53:25.482888+00,2015-12-10 19:57:24.212936+00,true,
,,Waste Heat Recovery and Residual Drying,Wallowa, OR,2015,"Integrated Biomass Resources, LLC",,Wood Innovations Grant,,2015-01-01 00:00:00+00,0101000020E6100000191C25AFCE615DC01B12F758FAC84640,158,2015-04-17 23:53:25.482888+00,2015-12-10 19:57:24.212936+00,true,
,,A Cross Laminated Timber (CLT) Educa- tional Building and Awareness Building Campaign,Logan, UT,2015,Utah State University,,Wood Innovations Grant,,2015-01-01 00:00:00+00,0101000020E6100000018750A566F55BC07C444C8924DE4440,162,2015-04-17 23:53:25.482888+00,2015-12-10 19:57:24.212936+00,true,
,,Thermal Gasification of Forest Residues for Combined Heat and Power (CHP) Ap- plication in the SMUD Region,Sacramento, CA,2015,Sacramento Municipal Utility Dis- trict,,Wood Innovations Grant,,2015-01-01 00:00:00+00,0101000020E61000001DC9E53FA45F5EC0D82AC1E2704A4340,135,2015-04-17 23:53:25.482888+00,2015-12-10 19:57:24.212936+00,true,
,,"Blue Lake Roundstock Company, LLC (BLRC) Plant Expansion Project",Oakland, CA,2015,Allotrope Partners,,Wood Innovations Grant,,2015-01-01 00:00:00+00,0101000020E61000006FF085C954915EC017F19D98F5E64240,134,2015-04-17 23:53:25.482888+00,2015-12-10 19:57:24.212936+00,true,
,,Blast-Resistant Testing for Massive Timber Exterior Wall,San Marcos, CA,2015,WoodWorks,,Wood Innovations Grant,,2015-01-01 00:00:00+00,0101000020E6100000ADA3AA09A24A5DC01F9DBAF259924040,136,2015-04-17 23:53:25.482888+00,2015-12-10 19:57:24.212936+00,true,
,,"Utilizing Biochar to Sequester Carbon, Fortify Local Agriculture, Reduce Soil and Water Pollution, and Improve Land Man- agement",Mancos, CO,2015,Western Excelsior Corporation (WEC),,Wood Innovations Grant,,2015-01-01 00:00:00+00,0101000020E61000008D976E1283125BC05C8FC2F528AC4240,138,2015-04-17 23:53:25.482888+00,2015-12-10 19:57:24.212936+00,true,
,,Utilization of By-Product from the Eco- logical Restoration of Forests on the Pine Ridge Reservation,Kyle, SD,2015,Oglala Sioux Parks and Recreation Authority,,Wood Innovations Grant,,2015-01-01 00:00:00+00,0101000020E6100000E8DEC325C77758C02BF697DD93FF3D40,161,2015-04-17 23:53:25.482888+00,2015-12-10 19:57:24.212936+00,true,
,,Pagosa Springs Biomass Power Project,Pagosa Springs, CO,2015,"Renewable Forest Energy, LLC",,Wood Innovations Grant,,2015-01-01 00:00:00+00,0101000020E6100000C63368E89FC05AC01FF46C567DA24240,139,2015-04-17 23:53:25.482888+00,2015-12-10 19:57:24.212936+00,true,
,,Sierra Foothills Bundled Energy Develop- ment,Grass Valley, CA,2015,"Fire Safe Council of Nevada County, Inc.",,Wood Innovations Grant,,2015-01-01 00:00:00+00,0101000020E610000000C63368E8435EC04EEE77280A9C4340,133,2015-04-17 23:53:25.482888+00,2015-12-10 19:57:24.212936+00,true,
,,Wisconsin Wood Products Market Expansion,Florence, WI,2015,"Sustainable Resources Institute, Inc.",,Wood Innovations Grant,,2015-01-01 00:00:00+00,0101000020E6100000D34D621058EB55C0C381902C60664140,170,2015-04-17 23:53:25.482888+00,2015-12-10 19:57:24.212936+00,true,
,,Expanding the Use of Wood Building Products in SC,Clemson, SC,2015,Clemson University,,Wood Innovations Grant,,2015-01-01 00:00:00+00,0101000020E6100000B329577897B554C09D6340F67A574140,160,2015-04-17 23:53:25.482888+00,2015-12-10 19:57:24.212936+00,true,
,,Narragansett Regional School District,Baldwinville,MA,2013,Narragansett Regional School District,250000,FS WBU Grant,http://www.nrsd.org/,2013-01-01 00:00:00+00,0101000020E61000001EDC9DB5DB0452C0BD1DE1B4E04D4540,114,2015-04-17 23:53:25.482888+00,2015-12-10 19:57:24.212936+00,true,
,,"A Market Characterization of Salvaged Yellow-Cedar Wood Products in Southeast Alaska: Opportunities for Innovation, Ex- pansion, and Community Economic",Juneau, AK,2015,University of Alaska Southeast,,Wood Innovations Grant,,2015-01-01 00:00:00+00,0101000020E6100000452FA3586ECD60C058AD4CF8A5264D40,130,2015-04-17 23:53:25.482888+00,2015-12-10 19:57:24.212936+00,true,
,,The Potential for Fuel Switching to Wood in Illinois - A Sector Study,Champaign, IL,2015,University of IL Sustainable Technol- ogy Center,,Wood Innovations Grant,,2015-01-01 00:00:00+00,0101000020E61000000820B589930F56C0D74CBED9E60E4440,141,2015-04-17 23:53:25.482888+00,2015-12-10 19:57:24.212936+00,true,
,,Flexible Distributed Bio-Fuel Production from Forest Residue Targeting Hospitals for Combined Heat and Power Installa- tions,Salt Lake City, UT,2015,Clean Development International,,Wood Innovations Grant,,2015-01-01 00:00:00+00,0101000020E6100000744694F606F95BC0B6B9313D61614440,163,2015-04-17 23:53:25.482888+00,2015-12-10 19:57:24.212936+00,true,
,,Plumas County Energy System,Taylorsville, CA,2015,Sierra Institute for Community and Environment,,Wood Innovations Grant,,2015-01-01 00:00:00+00,0101000020E61000003CA06CCA15FC5BC04C7155D977554440,137,2015-04-17 23:53:25.482888+00,2015-12-10 19:57:24.212936+00,true,
,,Composting Forest Biomass to Reduce Hazardous Fuels and Promote Forest Res- toration in the Southwest,Flagstaff, AZ,2015,Good Earth Power AZ (GEPAZ),,Wood Innovations Grant,,2015-01-01 00:00:00+00,0101000020E61000006BB75D68AEE95BC0CC28965B5A994140,131,2015-04-17 23:53:25.482888+00,2015-12-10 19:57:24.212936+00,true,
,,Commercial Biochar Products for Forest Restoration in the Pacific Northwest,Salem, OR,2015,Family Forests of Oregon,,Wood Innovations Grant,,2015-01-01 00:00:00+00,0101000020E6100000BC0512143FC25EC0FFB27BF2B0784640,157,2015-04-17 23:53:25.482888+00,2015-12-10 19:57:24.212936+00,true,
,,Oregon Military Department,Salem,OR,2013,Oregon Military Department,250000,FS WBU Grant,http://www.oregon.gov/omd/Pages/index.aspx,2013-01-01 00:00:00+00,0101000020E6100000BC0512143FC25EC0FFB27BF2B0784640,118,2015-04-17 23:53:25.482888+00,2015-12-10 19:57:24.212936+00,true,
,,"CRE, LLC Wood Pellet Facility Pre-Finan- cial Close Project",Pocatello, ID,2015,"Centennial Renewable Energy, LLC",,Wood Innovations Grant,,2015-01-01 00:00:00+00,0101000020E6100000C3D84290831C5CC09D8026C2866F4540,140,2015-04-17 23:53:25.482888+00,2015-12-10 19:57:24.212936+00,true,
,,Market Access for Tall Wood Construction,Leesburg, VA,2015,American Wood Council,,Wood Innovations Grant,,2015-01-01 00:00:00+00,0101000020E6100000A301BC05126453C049BA66F2CD8E4340,164,2015-04-17 23:53:25.482888+00,2015-12-10 19:57:24.212936+00,true,
,,Calaveras Healthy Impact Products Solution,Wilseyville,CA,2013,Calaveras Healthy Impact Products Solution,184405,FS WBU Grant,http://www.sbcouncil.org/Calaveras-Healthy-Impact-Product-Solutions-(CHIPS),2013-01-01 00:00:00+00,0101000020E6100000BBB88D06F0205EC0AA4885B185304340,113,2015-04-17 23:53:25.482888+00,2015-12-10 19:57:24.212936+00,true,
,,Innovations in the Design and Fabrication of Wood Barrels Used to Age Wine and Other Spirits,South Boston, VA,2015,Southern Virginia Higher Education Center,,Wood Innovations Grant,,2015-01-01 00:00:00+00,0101000020E6100000A9DE1AD82AC351C0ADC090D5AD2A4540,166,2015-04-17 23:53:25.482888+00,2015-12-10 19:57:24.212936+00,true,
,,Development of Bio-Based Spray Foam Insulation from Wood Residues,Baton Rouge, LA,2015,Louisiana State University,,Wood Innovations Grant,,2015-01-01 00:00:00+00,0101000020E610000032E6AE25E4C956C008AC1C5A64733E40,142,2015-04-17 23:53:25.482888+00,2015-12-10 19:57:24.212936+00,true,
,,Round Wood Guardrail Demonstration Project,Phoenix, AZ,2015,AZ State Forestry Division,,Wood Innovations Grant,,2015-01-01 00:00:00+00,0101000020E610000022A64412BD045CC01A170E8464B94040,132,2015-04-17 23:53:25.482888+00,2015-12-10 19:57:24.212936+00,true,
,,Development of a National Woodchip Heating Fuel Stand,Burlington, VT,2015,Vermont Energy Investment Corpo- ration,,Wood Innovations Grant,,2015-01-01 00:00:00+00,0101000020E6100000158C4AEA04DC53C0F146E6913F0C4240,167,2015-04-17 23:53:25.482888+00,2015-12-10 19:57:24.212936+00,true,
,,Central OR Biomass Energy Cluster Development Strategy + Project Develop- ment,Bend, OR,2015,Central Oregon Intergovernmental Council,,Wood Innovations Grant,,2015-01-01 00:00:00+00,0101000020E61000008386FE092E545EC0DDCD531D72074640,153,2015-04-17 23:53:25.482888+00,2015-12-10 19:57:24.212936+00,true,
,,Statewide Wood Energy Team for Michi- gan,East Lansing, MI,2015,Michigan State University,,Wood Innovations Grant,,2015-01-01 00:00:00+00,0101000020E6100000FE60E0B9F71E55C02EE7525C555E4540,144,2015-04-17 23:53:25.482888+00,2015-12-10 19:57:24.212936+00,true,
,,Community Sustainability Handbook: Best Practices for a Biomass-Heated Green- house at your Alaska School,Anchorage, AK,2015,Alaska Energy Authority,,Wood Innovations Grant,,2015-01-01 00:00:00+00,0101000020E6100000C6A70018CFBC62C06B48DC63E99B4E40,129,2015-04-17 23:53:25.482888+00,2015-12-10 19:57:24.212936+00,true,
,,The Pennsylvania Wood Energy Team,University Park, PA,2015,The Pennsylvania State University,,Wood Innovations Grant,,2015-01-01 00:00:00+00,0101000020E610000044696FF0851754C082CAF8F719BF3940,159,2015-04-17 23:53:25.482888+00,2015-12-10 19:57:24.212936+00,true,
,,"Conversion to Biomass in the Food Processing and Commercial Laun- dry Sectors in Yakima, WA",Yakima, WA,2015,"Yakima Specialties, Inc.",,Wood Innovations Grant,,2015-01-01 00:00:00+00,0101000020E6100000F8C264AA60205EC08CF337A1104D4740,169,2015-04-17 23:53:25.482888+00,2015-12-10 19:57:24.212936+00,true,
,,Utilization of Low-Value Lumber from Small-Diameter Logs Harvested in Pacific Northwest Forest Restoration Programs in Hybrid Cross Laminated Timber Core Layers,Corvallis, OR,2015,Oregon State University,,Wood Innovations Grant,,2015-01-01 00:00:00+00,0101000020E61000009B8F6B43C5D05EC0C0266BD443484640,154,2015-04-17 23:53:25.482888+00,2015-12-10 19:57:24.212936+00,true,
,,Menominee Tribal Enterprise’s Woody Biomass Value-Added Fuel Market Development and Energy Cluster Project,Neopit, WI,2015,Menominee Tribal Enterprises,,Wood Innovations Grant,,2015-01-01 00:00:00+00,0101000020E61000000C3CF71E2E3556C07DCB9C2E8B7D4640,171,2015-04-17 23:53:25.482888+00,2015-12-10 19:57:24.212936+00,true,
,,Menominee Tribal Enterprises,Neopit,WI,2013,Menominee Tribal Enterprises,250000,FS WBU Grant,http://www.mtewood.com/,2013-01-01 00:00:00+00,0101000020E61000000C3CF71E2E3556C07DCB9C2E8B7D4640,119,2015-04-17 23:53:25.482888+00,2015-12-10 19:57:24.212936+00,true,
,,MA Statewide Wood Energy Action Team,Marlborough, MA,2015,Massachusetts Forest Alliance,,Wood Innovations Grant,,2015-01-01 00:00:00+00,0101000020E6100000211FF46C56E351C09548A297512C4540,143,2015-04-17 23:53:25.482888+00,2015-12-10 19:57:24.212936+00,true,
,,Pilot Supply Chain for Advanced Manufacture of CLT in the Pacific Northwest,Pullman, WA,2015,Washington State University,,Wood Innovations Grant,,2015-01-01 00:00:00+00,0101000020E6100000486DE2E47E4B5DC0E1455F419A5D4740,168,2015-04-17 23:53:25.482888+00,2015-12-10 19:57:24.212936+00,true,
,,Virginia Statewide Wood Energy Team,Orange, VA,2015,Center for Natural Capital,,Wood Innovations Grant,,2015-01-01 00:00:00+00,0101000020E6100000FF78AF5A99765DC0D40E7F4DD6E44040,165,2015-04-17 23:53:25.482888+00,2015-12-10 19:57:24.212936+00,true,
-103.230889,44.081165,Baker Timber Products,Rapid City,SD,2007,,250000,FS WBU Grant,,2007-01-01 00:00:00+00,0101000020E61000006500A8E2C6CE59C0384A5E9D630A4640,1,2015-04-17 23:53:25.482888+00,2015-12-10 19:57:24.212936+00,true,
-105.216289,35.595682,Barela Timber Management Co Inc,Las Vegas,NM,2007,,225000,FS WBU Grant,,2007-01-01 00:00:00+00,0101000020E6100000035FD1ADD74D5AC06E68CA4E3FCC4140,2,2015-04-17 23:53:25.482888+00,2015-12-10 19:57:24.212936+00,true,
-113.896619,45.176675,Forest Fuels Solutions,Salmon,ID,2007,,250000,FS WBU Grant,,2007-01-01 00:00:00+00,0101000020E6100000397EA83462795CC0AA8251499D964640,6,2015-04-17 23:53:25.482888+00,2015-12-10 19:57:24.212936+00,true,
-109.950879,34.136225,High Country Green Waste LLC,Lakeside,AZ,2007,,249400,FS WBU Grant,,2007-01-01 00:00:00+00,0101000020E610000001DD9733DB7C5BC0E5F21FD26F114140,7,2015-04-17 23:53:25.482888+00,2015-12-10 19:57:24.212936+00,true,
-114.314901,48.20164,John Jump Trucking,Kalispell,MT,2007,,249000,FS WBU Grant,,2007-01-01 00:00:00+00,0101000020E6100000931E865627945CC060C8EA56CF194840,9,2015-04-17 23:53:25.482888+00,2015-12-10 19:57:24.212936+00,true,
-121.175874,44.27257,JTS Animal Bedding,Redmond,OR,2007,,250000,FS WBU Grant,,2007-01-01 00:00:00+00,0101000020E6100000DE8D0585414B5EC074EFE192E3224640,10,2015-04-17 23:53:25.482888+00,2015-12-10 19:57:24.212936+00,true,
-118.947808,44.416132,Malheur Lumber Company,John Day,OR,2007,,250000,FS WBU Grant,,2007-01-01 00:00:00+00,0101000020E6100000C7B8E2E2A8BC5DC0D76839D043354640,13,2015-04-17 23:53:25.482888+00,2015-12-10 19:57:24.212936+00,true,
-105.941364,40.086635,Mountain Parks Electric Inc,Granby,CO,2007,,242500,FS WBU Grant,,2007-01-01 00:00:00+00,0101000020E61000006E68CA4E3F7C5AC030D80DDB160B4440,16,2015-04-17 23:53:25.482888+00,2015-12-10 19:57:24.212936+00,true,
-121.292774,46.01842,Mt Adams Resource Stewards,Glenwood,WA,2007,,178746,FS WBU Grant,,2007-01-01 00:00:00+00,0101000020E61000009FC728CFBC525EC0D1CB28965B024740,17,2015-04-17 23:53:25.482888+00,2015-12-10 19:57:24.212936+00,true,
-113.996234,46.87278,North Slope Sustainable Wood LLC,Missoula,MT,2007,,248950,FS WBU Grant,,2007-01-01 00:00:00+00,0101000020E6100000734A404CC27F5CC02B4D4A41B76F4740,19,2015-04-17 23:53:25.482888+00,2015-12-10 19:57:24.212936+00,true,
-105.573529,36.449685,Olguin's Sawmill Inc,El Prado,NM,2007,,250000,FS WBU Grant,,2007-01-01 00:00:00+00,0101000020E6100000AF93FAB2B4645AC03A4030478F394240,20,2015-04-17 23:53:25.482888+00,2015-12-10 19:57:24.212936+00,true,
-116.942964,43.78648,Parma Post and Pole Inc,Parma,ID,2007,,245180,FS WBU Grant,,2007-01-01 00:00:00+00,0101000020E61000008B53AD85593C5DC0A27A6B60ABE44540,21,2015-04-17 23:53:25.482888+00,2015-12-10 19:57:24.212936+00,true,
-112.219939,38.23727,Piute County Economic Development,Junction,UT,2007,,250000,FS WBU Grant,,2007-01-01 00:00:00+00,0101000020E61000005B07077B130E5CC0352905DD5E1E4340,22,2015-04-17 23:53:25.482888+00,2015-12-10 19:57:24.212936+00,true,
-112.075774,33.44826,Southwest Forest Products,Phoenix,AZ,2007,,250000,FS WBU Grant,,2007-01-01 00:00:00+00,0101000020E6100000C6F8307BD9045CC06F0D6C9560B94040,23,2015-04-17 23:53:25.482888+00,2015-12-10 19:57:24.212936+00,true,
-105.941364,40.086635,Ranch Creek Limited,Granby,CO,2007,,144000,FS WBU Grant,,2007-01-01 00:00:00+00,0101000020E61000006E68CA4E3F7C5AC030D80DDB160B4440,24,2015-04-17 23:53:25.482888+00,2015-12-10 19:57:24.212936+00,true,
-120.382174,37.98329,Bear Mountain Forest Products,Sonora,CA,2008,,250000,FS WBU Grant,,2008-01-01 00:00:00+00,0101000020E61000006BD8EF8975185EC0EE3D5C72DCFD4240,27,2015-04-17 23:53:25.482888+00,2015-12-10 19:57:24.212936+00,true,
-113.196387,46.589056,Big Sky Shavings,Hall,MT,2008,,250000,FS WBU Grant,,2008-01-01 00:00:00+00,0101000020E61000000397C79A914C5CC09CC1DF2F664B4740,28,2015-04-17 23:53:25.482888+00,2015-12-10 19:57:24.212936+00,true,
-124.224549,43.40661,Coquille Tribe of Oregon,North Bend,OR,2008,,250000,FS WBU Grant,,2008-01-01 00:00:00+00,0101000020E61000005ED6C4025F0E5FC0001DE6CB0BB44540,29,2015-04-17 23:53:25.482888+00,2015-12-10 19:57:24.212936+00,true,
-115.555174,48.388105,Kootenai Business Park Industrial District,Libby,MT,2008,,250000,FS WBU Grant,,2008-01-01 00:00:00+00,0101000020E6100000BA6587F887E35CC00135B56CAD314840,32,2015-04-17 23:53:25.482888+00,2015-12-10 19:57:24.212936+00,true,
-111.986429,46.465175,Marks Ranch and Lumber,Clancy,MT,2008,,211500,FS WBU Grant,,2008-01-01 00:00:00+00,0101000020E6100000DDB419A721FF5BC05AF5B9DA8A3B4740,33,2015-04-17 23:53:25.482888+00,2015-12-10 19:57:24.212936+00,true,
-119.766999,39.164885,Nevada Division of Forestry,Carson City,NV,2008,,250000,FS WBU Grant,,2008-01-01 00:00:00+00,0101000020E61000002444F98216F15DC0EC4CA1F31A954340,34,2015-04-17 23:53:25.482888+00,2015-12-10 19:57:24.212936+00,true,
-105.329804,35.97416,Northridge Forest Products,Mora,NM,2008,,250000,FS WBU Grant,,2008-01-01 00:00:00+00,0101000020E6100000C2853C821B555AC022895E46B1FC4140,35,2015-04-17 23:53:25.482888+00,2015-12-10 19:57:24.212936+00,true,
-111.033184,45.679325,"Osler Logging, Inc.",Bozeman,MT,2008,,250000,FS WBU Grant,,2008-01-01 00:00:00+00,0101000020E610000008B0C8AF1FC25BC0772D211FF4D64640,36,2015-04-17 23:53:25.482888+00,2015-12-10 19:57:24.212936+00,true,
-112.190754,35.25,Perkins Timber Harvesting,Williams,AZ,2008,,250000,FS WBU Grant,,2008-01-01 00:00:00+00,0101000020E610000032E54350350C5CC00000000000A04140,37,2015-04-17 23:53:25.482888+00,2015-12-10 19:57:24.212936+00,true,
-121.315584,44.05766,Quicksilver Contracting,Bend,OR,2008,,250000,FS WBU Grant,,2008-01-01 00:00:00+00,0101000020E610000004C93B8732545EC0C824236761074640,38,2015-04-17 23:53:25.482888+00,2015-12-10 19:57:24.212936+00,true,
-103.859089,44.49057,"Sandford Logging, Inc.",Spearfish,SD,2008,,250000,FS WBU Grant,,2008-01-01 00:00:00+00,0101000020E61000009DD66D50FBF659C009336DFFCA3E4640,40,2015-04-17 23:53:25.482888+00,2015-12-10 19:57:24.212936+00,true,
-123.184701,40.553998,UpStream 21 Corporation,Hayfork,CA,2008,,250000,FS WBU Grant,,2008-01-01 00:00:00+00,0101000020E610000077A22424D2CB5EC053060E68E9464440,41,2015-04-17 23:53:25.482888+00,2015-12-10 19:57:24.212936+00,true,
-123.184701,40.553998,Watershed Research and Training Center,Hayfork,CA,2008,,245000,FS WBU Grant,,2008-01-01 00:00:00+00,0101000020E610000077A22424D2CB5EC053060E68E9464440,42,2015-04-17 23:53:25.482888+00,2015-12-10 19:57:24.212936+00,true,
-110.091025,34.468686,Winner's Circle Soil Products,Taylor,AZ,2008,,250000,FS WBU Grant,,2008-01-01 00:00:00+00,0101000020E61000009487855AD3855BC0E90B21E7FD3B4140,43,2015-04-17 23:53:25.482888+00,2015-12-10 19:57:24.212936+00,true,
-93.403524,34.94842,Rover Shavings & Post Inc,Rover,AR,2009,Increase production capacity,250000,FS WBU Grant,,2009-01-01 00:00:00+00,0101000020E6100000ACC95356D35957C0A86F99D365794140,44,2015-04-17 23:53:25.482888+00,2015-12-10 19:57:24.212936+00,true,
-109.935471,34.125809,Pure Wood Products LLC,Pinetop,AZ,2009,Portable veneer lathe machine,250000,FS WBU Grant,,2009-01-01 00:00:00+00,0101000020E6100000D0D6C1C1DE7B5BC06F4562821A104140,45,2015-04-17 23:53:25.482888+00,2015-12-10 19:57:24.212936+00,true,
-120.424662,37.953407,California Wood Shavings Inc,Jamestown,CA,2009,Wood shaver,249550,FS WBU Grant,,2009-01-01 00:00:00+00,0101000020E6100000A77686A92D1B5EC08463963D09FA4240,46,2015-04-17 23:53:25.482888+00,2015-12-10 19:57:24.212936+00,true,
-122.523084,41.647195,CLT Logging Inc,Grenada,CA,2009,Horizontal grinder,250000,FS WBU Grant,,2009-01-01 00:00:00+00,0101000020E6100000E54350357AA15EC03F912749D7D24440,47,2015-04-17 23:53:25.482888+00,2015-12-10 19:57:24.212936+00,true,
-122.234056,40.639824,Franklin Logging Inc,Bella Vista,CA,2009,Feller buncher,250000,FS WBU Grant,,2009-01-01 00:00:00+00,0101000020E6100000AF5B04C6FA8E5EC01399B9C0E5514440,48,2015-04-17 23:53:25.482888+00,2015-12-10 19:57:24.212936+00,true,
-124.155539,40.597565,Scott Dunn Logging,Fortuna,CA,2009,Drum chipper,250000,FS WBU Grant,,2009-01-01 00:00:00+00,0101000020E61000002A90D959F4095FC0FC1D8A027D4C4440,49,2015-04-17 23:53:25.482888+00,2015-12-10 19:57:24.212936+00,true,
-122.936699,40.727765,Trinity River Lumber Company,Weaverville,CA,2009,Log scanner,250000,FS WBU Grant,,2009-01-01 00:00:00+00,0101000020E61000008ACC5CE0F2BB5EC033164D67275D4440,50,2015-04-17 23:53:25.482888+00,2015-12-10 19:57:24.212936+00,true,
-105.873599,37.46818,Independent Log Company,Alamosa,CO,2009,Firewood processing,250000,FS WBU Grant,,2009-01-01 00:00:00+00,0101000020E61000005FB4C70BE9775AC015527E52EDBB4240,51,2015-04-17 23:53:25.482888+00,2015-12-10 19:57:24.212936+00,true,
-107.877619,38.478645,Intermountain Resources LLC,Montrose,CO,2009,Grinder,250000,FS WBU Grant,,2009-01-01 00:00:00+00,0101000020E610000049D6E1E82AF85AC06CB2463D443D4340,52,2015-04-17 23:53:25.482888+00,2015-12-10 19:57:24.212936+00,true,
-107.020374,40.48567,Rogue Resources inc/More Lumber,Milner,CO,2009,"Log lathe mill, firewood processor",250000,FS WBU Grant,,2009-01-01 00:00:00+00,0101000020E610000014ECBFCE4DC15AC0FC523F6F2A3E4440,53,2015-04-17 23:53:25.482888+00,2015-12-10 19:57:24.212936+00,true,
-116.707474,47.9478,Idaho Forest Group LLC,Athol,ID,2009,Horizontal grinder,250000,FS WBU Grant,,2009-01-01 00:00:00+00,0101000020E61000004D310741472D5DC00C93A98251F94740,54,2015-04-17 23:53:25.482888+00,2015-12-10 19:57:24.212936+00,true,
-113.996234,46.87278,Eagle Stud Mill Inc,Missoula,MT,2009,Post and pole mill,250000,FS WBU Grant,,2009-01-01 00:00:00+00,0101000020E6100000734A404CC27F5CC02B4D4A41B76F4740,55,2015-04-17 23:53:25.482888+00,2015-12-10 19:57:24.212936+00,true,
-113.996234,46.87278,Eureka Pellet Mills Inc,Missoula,MT,2009,Diversification into bulk pellets,250000,FS WBU Grant,,2009-01-01 00:00:00+00,0101000020E6100000734A404CC27F5CC02B4D4A41B76F4740,56,2015-04-17 23:53:25.482888+00,2015-12-10 19:57:24.212936+00,true,
-107.843547,34.144803,Southwest PiÃ±on Inc,Datil,NM,2009,Firewood processing,250000,FS WBU Grant,,2009-01-01 00:00:00+00,0101000020E6100000E4688EACFCF55AC06DAE9AE788124140,57,2015-04-17 23:53:25.482888+00,2015-12-10 19:57:24.212936+00,true,
-117.528619,45.570195,Community Smallwood Solutions,Wallowa,OR,2009,Horizontal grinder,249819,FS WBU Grant,,2009-01-01 00:00:00+00,0101000020E6100000D542C9E4D4615DC0DEAB5626FCC84640,58,2015-04-17 23:53:25.482888+00,2015-12-10 19:57:24.212936+00,true,
-120.345984,42.18907,Marubeni Sustainable Energy,Lakeview,OR,2009,Fuel handling for cogen facility,250000,FS WBU Grant,,2009-01-01 00:00:00+00,0101000020E61000001D3C139A24165EC0CE531D7233184540,59,2015-04-17 23:53:25.482888+00,2015-12-10 19:57:24.212936+00,true,
-122.2977815,40.448208,Headrick Logging,Anderson,CA,2010,Whole tree chipper,350000,FS WBU Grant,,2010-01-01 00:00:00+00,0101000020E6100000A5F622DA0E935EC01DE736E15E394440,61,2015-04-17 23:53:25.482888+00,2015-12-10 19:57:24.212936+00,true,
-120.4226952,37.9532584,Sierra Resource Management,Jamestown,CA,2010,Harvester,329000,FS WBU Grant,,2010-01-01 00:00:00+00,0101000020E6100000470B2B700D1B5EC093510A5F04FA4240,62,2015-04-17 23:53:25.482888+00,2015-12-10 19:57:24.212936+00,true,
-121.1441396,41.1212775,Del Logging Inc,Bieber,CA,2010,"Drum chipper, Loader, & Feller Buncher",350000,FS WBU Grant,,2010-01-01 00:00:00+00,0101000020E6100000BF034D9539495EC0CD1E6805868F4440,63,2015-04-17 23:53:25.482888+00,2015-12-10 19:57:24.212936+00,true,
-112.0740373,33.4483771,Cooley Forest Products,Phoenix,AZ,2010,Canter & firewood processor,350000,FS WBU Grant,,2010-01-01 00:00:00+00,0101000020E6100000C98BF106BD045CC03E63BA6B64B94040,64,2015-04-17 23:53:25.482888+00,2015-12-10 19:57:24.212936+00,true,
-121.556359,39.5137752,J.W.Bamford Inc,Oroville,CA,2010,Whole tree chipper,300000,FS WBU Grant,,2010-01-01 00:00:00+00,0101000020E61000007575C7629B635EC078BFC062C3C14340,65,2015-04-17 23:53:25.482888+00,2015-12-10 19:57:24.212936+00,true,
-107.6089466,38.7038767,West Range Reclamation,Crawford,CO,2010,Delimber/Debarker,350000,FS WBU Grant,,2010-01-01 00:00:00+00,0101000020E6100000AA0029FBF8E65AC04D75B7A1185A4340,66,2015-04-17 23:53:25.482888+00,2015-12-10 19:57:24.212936+00,true,
-109.291475,34.1111581,Arizona Log and TimberWorks,Eagar,AZ,2010,Post and pole mill,350000,FS WBU Grant,,2010-01-01 00:00:00+00,0101000020E61000008126C286A7525BC0BE17BA6D3A0E4140,67,2015-04-17 23:53:25.482888+00,2015-12-10 19:57:24.212936+00,true,
-106.0186025,33.073973,JL Shavings,Tularosa,NM,2010,Sawmill upgrade,350000,FS WBU Grant,,2010-01-01 00:00:00+00,0101000020E6100000ED478AC830815AC0BDE47FF277894040,68,2015-04-17 23:53:25.482888+00,2015-12-10 19:57:24.212936+00,true,
-110.4531551,33.3453349,San Carlos Apache Timber Products,San Carlos,AZ,2010,Grinder,272770,FS WBU Grant,,2010-01-01 00:00:00+00,0101000020E610000000A13F7E009D5BC06ED51AEF33AC4040,69,2015-04-17 23:53:25.482888+00,2015-12-10 19:57:24.212936+00,true,
-122.3916754,40.5865396,Warner Enterprises,Redding,CA,2010,Feller buncher,350000,FS WBU Grant,,2010-01-01 00:00:00+00,0101000020E61000007469B23511995EC08BE7C7BA134B4440,70,2015-04-17 23:53:25.482888+00,2015-12-10 19:57:24.212936+00,true,
-122.6150855,44.7745664,Foothills Firewood,Lyons,OR,2010,Firewood processing,325014,FS WBU Grant,,2010-01-01 00:00:00+00,0101000020E61000009BAF928F5DA75EC04C4AE6FD24634640,71,2015-04-17 23:53:25.482888+00,2015-12-10 19:57:24.212936+00,true,
-105.5966686,34.2509071,Restoration Solutions,Corona,NM,2010,Harvester,350000,FS WBU Grant,,2010-01-01 00:00:00+00,0101000020E610000035E37ED12F665AC0C76A4EB91D204140,72,2015-04-17 23:53:25.482888+00,2015-12-10 19:57:24.212936+00,true,
-116.9515856,47.7179578,ABCO Wood Recycling,Post Falls,ID,2010,Pellet mill,200000,FS WBU Grant,,2010-01-01 00:00:00+00,0101000020E61000000DD649C7E63C5DC03D748B0AE6DB4740,73,2015-04-17 23:53:25.482888+00,2015-12-10 19:57:24.212936+00,true,
-149.117374,61.59944,Matanuska-Susitna Borough,Palmer,AK,2011,Engineering study grant,80000,FS WBU Grant,,2011-01-01 00:00:00+00,0101000020E6100000D36C1E87C1A362C006F52D73BACC4E40,74,2015-04-17 23:53:25.482888+00,2015-12-10 19:57:24.212936+00,true,
-121.78869,38.896205,Placer County,Kings Beach,CA,2011,Engineering study grant,50000,FS WBU Grant,,2011-01-01 00:00:00+00,0101000020E6100000AA2B9FE579725EC07FC16ED8B6724340,75,2015-04-17 23:53:25.482888+00,2015-12-10 19:57:24.212936+00,true,
-122.301254,40.450565,Kiara Solar,Anderson,CA,2011,Engineering study grant,250000,FS WBU Grant,,2011-01-01 00:00:00+00,0101000020E61000008272DBBE47935EC072DC291DAC394440,76,2015-04-17 23:53:25.482888+00,2015-12-10 19:57:24.212936+00,true,
-122.936699,40.727765,Trinity River Lumber,Weaverville,CA,2011,Engineering study grant,250000,FS WBU Grant,,2011-01-01 00:00:00+00,0101000020E61000008ACC5CE0F2BB5EC033164D67275D4440,77,2015-04-17 23:53:25.482888+00,2015-12-10 19:57:24.212936+00,true,
-105.14519,39.616905,Community Power Corporation,Littleton,CO,2011,Engineering study grant,125000,FS WBU Grant,,2011-01-01 00:00:00+00,0101000020E6100000336DFFCA4A495AC094DE37BEF6CE4340,78,2015-04-17 23:53:25.482888+00,2015-12-10 19:57:24.212936+00,true,
-116.776166,47.671866,Idaho Forest Group,Coeur d'Alene,ID,2011,Engineering study grant,135000,FS WBU Grant,,2011-01-01 00:00:00+00,0101000020E6100000199128B4AC315DC0ADA580B4FFD54740,79,2015-04-17 23:53:25.482888+00,2015-12-10 19:57:24.212936+00,true,
-116.500064,43.874125,Yellowstone Power,Emmet,ID,2011,Engineering study grant,250000,FS WBU Grant,,2011-01-01 00:00:00+00,0101000020E61000000B7A6F0C01205DC0D9CEF753E3EF4540,80,2015-04-17 23:53:25.482888+00,2015-12-10 19:57:24.212936+00,true,
-114.181905,48.370548,Stoltze Land & Lumber,Columbia Falls,MT,2011,Engineering study grant,190720,FS WBU Grant,,2011-01-01 00:00:00+00,0101000020E6100000A67EDE54A48B5CC092CCEA1D6E2F4840,82,2015-04-17 23:53:25.482888+00,2015-12-10 19:57:24.212936+00,true,
-113.482936,47.177435,"Pyramid Mountain Lumber, Inc.",Seeley Lake,MT,2011,Engineering study grant,202727,FS WBU Grant,,2011-01-01 00:00:00+00,0101000020E6100000E883656CE85E5CC03815A930B6964740,83,2015-04-17 23:53:25.482888+00,2015-12-10 19:57:24.212936+00,true,
-113.996234,46.87278,University of Montana,Missoula,MT,2011,Engineering study grant,250000,FS WBU Grant,,2011-01-01 00:00:00+00,0101000020E6100000734A404CC27F5CC02B4D4A41B76F4740,84,2015-04-17 23:53:25.482888+00,2015-12-10 19:57:24.212936+00,true,
-123.197204,45.85868,City of Vernonia,Vernonia,OR,2011,Engineering study grant,25000,FS WBU Grant,,2011-01-01 00:00:00+00,0101000020E6100000FCA886FD9ECC5EC059DDEA39E9ED4640,87,2015-04-17 23:53:25.482888+00,2015-12-10 19:57:24.212936+00,true,
-123.600764,46.98384,ColPac Quinault Indian Nation,Montesano,WA,2011,Engineering study grant,50000,FS WBU Grant,,2011-01-01 00:00:00+00,0101000020E61000004E27D9EA72E65EC0923F1878EE7D4740,88,2015-04-17 23:53:25.482888+00,2015-12-10 19:57:24.212936+00,true,
-88.271164,44.277025,Thilmany LLC,Kaukauna,WI,2011,Engineering study grant,132400,FS WBU Grant,,2011-01-01 00:00:00+00,0101000020E610000090F63FC05A1156C05396218E75234640,89,2015-04-17 23:53:25.482888+00,2015-12-10 19:57:24.212936+00,true,
-92.103949,46.72131,University of Wisconsin--Superior,Superior,WI,2011,Engineering study grant,250000,FS WBU Grant,,2011-01-01 00:00:00+00,0101000020E6100000ECDCB419A70657C08E23D6E2535C4740,90,2015-04-17 23:53:25.482888+00,2015-12-10 19:57:24.212936+00,true,
-120.947176,39.936836,Plumas,Quincy,CA,2012,Restart 16-17 MW CHP plant in Plumas County,70125,FS WBU Grant,,2012-01-01 00:00:00+00,0101000020E610000097E315889E3C5EC094DBF63DEAF74340,91,2015-04-17 23:53:25.482888+00,2015-12-10 19:57:24.212936+00,true,
-119.509381,37.229376,"North Fork, CA",North Fork,CA,2012,Construct small scale 1 MW CHP system.,134225,FS WBU Grant,,2012-01-01 00:00:00+00,0101000020E61000000B0DC4B299E05DC0603E59315C9D4240,92,2015-04-17 23:53:25.482888+00,2015-12-10 19:57:24.212936+00,true,
-114.894234,47.194363,Mineral Community Hospital,Superior,MT,2012,"2.64 MMBtu/hr wood pellet fired boiler system, Wood to Energy Expansion",190000,FS WBU Grant,,2012-01-01 00:00:00+00,0101000020E6100000293E3E213BB95CC0B74604E3E0984740,95,2015-04-17 23:53:25.482888+00,2015-12-10 19:57:24.212936+00,true,
-116.25514,46.479347,Clearwater RC& D Idaho Correctional Institution,Orofino,ID,2012,"thermal energy system, Orofino Woody Biomass Facility Engineering Design",110000,FS WBU Grant,,2012-01-01 00:00:00+00,0101000020E6100000B1F9B83654105DC0C537143E5B3D4740,96,2015-04-17 23:53:25.482888+00,2015-12-10 19:57:24.212936+00,true,
-124.29324,47.347305,Quinault Indian Nation,Taholah,WA,2012,themal biomass heating facility,205000,FS WBU Grant,,2012-01-01 00:00:00+00,0101000020E61000004278B471C4125FC05F5E807D74AC4740,103,2015-04-17 23:53:25.482888+00,2015-12-10 19:57:24.212936+00,true,
-85.031944,33.036667,Greenway Renewable Power LLC,LaGrange,GA,2012,"53.75 MW power plant in LaGrange, GA",250000,FS WBU Grant,,2012-01-01 00:00:00+00,0101000020E61000006BD3D85E0B4255C0D5EB1681B1844040,104,2015-04-17 23:53:25.482888+00,2015-12-10 19:57:24.212936+00,true,
-78.39194,37.302096,Longwood University,Farmville,VA,2012,add two additional biomass boilers to already existing biomass heating systems.,250000,FS WBU Grant,,2012-01-01 00:00:00+00,0101000020E6100000A27F828B159953C04F20EC14ABA64240,105,2015-04-17 23:53:25.482888+00,2015-12-10 19:57:24.212936+00,true,
-72.575387,44.260059,City of Montpelier,Montpelier,VT,2012,Rebuild and expand district heating system for Montpelier.,248556,FS WBU Grant,,2012-01-01 00:00:00+00,0101000020E6100000CAE2FE23D32452C0E603029D49214640,106,2015-04-17 23:53:25.482888+00,2015-12-10 19:57:24.212936+00,true,
-72.173439,43.365358,County of Sullivan,Newport,NH,2012,Plan CHP district energy steam plant,250000,FS WBU Grant,,2012-01-01 00:00:00+00,0101000020E61000007636E49F190B52C07EAA0A0DC4AE4540,107,2015-04-17 23:53:25.482888+00,2015-12-10 19:57:24.212936+00,true,
-158.103056,64.719444,"Nulato School District	Nulato, K",Nulato,AK,2012,"	thermal energy system",40420,FS WBU Grant,,2012-01-01 00:00:00+00,0101000020E610000003B5183C4CC363C06BD3D85E0B2E5040,108,2015-04-17 23:53:25.482888+00,2015-12-10 19:57:24.212936+00,true,
-120.554201,43.804133,Oregon Army National Guard,Oregon,OR,2012,wood pellet boilers for 12 buildings at 5 sites in Oregon.,250000,FS WBU Grant,,2012-01-01 00:00:00+00,0101000020E6100000469A780778235EC0335184D4EDE64540,109,2015-04-17 23:53:25.482888+00,2015-12-10 19:57:24.212936+00,true,
,,"Mt. Bachelor, LLC",Concord,OR,2014,Mt. Bachelor Biomass Thermal Energy for West and Sunrise Villages,220000,Wood-to-Energy,,2014-01-01 00:00:00+00,0101000020E61000006D904946CEA85EC0C80C54C6BFB34640,125,2015-04-17 23:53:25.482888+00,2015-12-10 19:57:24.212936+00,true,
,,"Three Dimensional Timberlands, LLC",Monroe,OR,2014,Technical Engineering Report for Three Dimensional Timberlands Integrated Biomass Facility,33600,Wood-to-Energy,,2014-01-01 00:00:00+00,0101000020E6100000B4B0A71DFED25EC0F94ECC7A31284640,124,2015-04-17 23:53:25.482888+00,2015-12-10 19:57:24.212936+00,true,
,,"BVP Property, LLC               ",Bend,CA,2014,Big Valley Lumber and Cogeneration Facility           ,250000,Wood-to-Energy,,2014-01-01 00:00:00+00,0101000020E610000096E7C1DD598D5EC0A99F3715A9204440,120,2015-04-17 23:53:25.482888+00,2015-12-10 19:57:24.212936+00,true,
,,"Deploying a Value-Added, Woody Bio- mass-Based Product Suite",Minneapolis, MN,2015,"Dovetail Partners, Inc.",,Wood Innovations Grant,,2015-01-01 00:00:00+00,,147,2015-04-17 23:53:25.482888+00,2015-12-10 19:57:24.212936+00,,
,,Montana’s Building More with Wood Project,Missoula, MT,2015,MT Dept. of Natural Resources & Conservation,,Wood Innovations Grant,,2015-01-01 00:00:00+00,,148,2015-04-17 23:53:25.482888+00,2015-12-10 19:57:24.212936+00,,
,,Watershed Research and Training Center,Hayfork,CA,2014,System Impact Study Funding for North Fork and Wilseyville CHP Projects,96000,Wood-to-Energy,,2014-01-01 00:00:00+00,0101000020E61000004F232D95B7CB5EC042EC4CA1F3464440,121,2015-04-17 23:53:25.482888+00,2015-12-10 19:57:24.212936+00,true,
,,Sierra Institute for Community and Environment,Taylorsville,CA,2013,Sierra Institute for Community and Environment,250000,FS WBU Grant,http://www.sierrainstitute.us/,2013-01-01 00:00:00+00,0101000020E6100000BDC62E51BD355EC0D93D7958A8094440,112,2015-04-17 23:53:25.482888+00,2015-12-10 19:57:24.212936+00,true,
-123.062255,40.632948,Cal Fire,Trinity County,CA,2012,3.8 MM BTU annual thermal energy system,124875,FS WBU Grant,,2012-01-01 00:00:00+00,0101000020E6100000CC4065FCFBC35EC0C808A87004514440,93,2015-04-17 23:53:25.482888+00,2015-12-10 19:57:24.253766+00,false,
,,Northern Forest Center,"Concord
",NH,2014,St. Johnsbury Wood Pellet Mill Engineering Analysis,47000,Wood-to-Energy,,2014-01-01 00:00:00+00,,126,2015-04-17 23:53:25.482888+00,2015-12-10 20:00:53.475671+00,false,
,,Using Thermal Modification Technology to Add Value to Small-Diameter Logs from Underutilized Species,Minneapolis, MN,2015,University of Minnesota Duluth,,Wood Innovations Grant,,2015-01-01 00:00:00+00,,146,2015-04-17 23:53:25.482888+00,2015-12-10 20:02:23.613542+00,,
-116.566254,47.31627,St Maries Joint School District,St Maries,ID,2007,,250000,FS WBU Grant,,2007-01-01 00:00:00+00,0101000020E6100000ABCE6A813D245DC05C5A0D897BA84740,25,2015-04-17 23:53:25.482888+00,2015-12-10 19:57:24.253766+00,false,
